<?xml version="1.0" encoding="UTF-8"?>
<beans xmlns="http://www.springframework.org/schema/beans"  
    xmlns:xsi="http://www.w3.org/2001/XMLSchema-instance"   
    xmlns:context="http://www.springframework.org/schema/context" 
    xmlns:tx="http://www.springframework.org/schema/tx"  
    xmlns:mvc="http://www.springframework.org/schema/mvc"  
    xsi:schemaLocation="  
        http://www.springframework.org/schema/beans  
        http://www.springframework.org/schema/beans/spring-beans.xsd  
        http://www.springframework.org/schema/context  
        http://www.springframework.org/schema/context/spring-context.xsd  
        http://www.springframework.org/schema/mvc  
        http://www.springframework.org/schema/mvc/spring-mvc.xsd
        http://www.springframework.org/schema/tx  
        http://www.springframework.org/schema/tx/spring-tx.xsd">  
        
        <tx:annotation-driven/>
  
    <!-- Provide support for component scanning -->  
    <context:component-scan base-package="com" />  
  
    <!--Provide support for conversion, formatting and validation -->  
    <mvc:annotation-driven /> 
    
    <bean id="viewResolver" class="org.springframework.web.servlet.view.InternalResourceViewResolver">
    <property name="prefix" value="/WEB-INF/pages/"/>
    <property name="suffix" value=".jsp"/>
    
    </bean>
    
    <bean class="org.springframework.jdbc.datasource.DriverManagerDataSource" name="dataSource">
    <property name="driverClassName"
			value="com.mysql.cj.jdbc.Driver" />
		<property name="url"
			value="jdbc:mysql://localhost:3306/todo" />
		<property name="username" value="root" />
		<property name="password" value="705089" />
    </bean>
    
    <bean
		class="org.springframework.orm.hibernate5.LocalSessionFactoryBean"
		name="sessionFactory">
		<!-- datasource -->
		<property name="dataSource" ref="dataSource"></property>
		<!-- hibernate properties -->
		<property name="hibernateProperties">
			<props>
				<prop key="hibernate.dialect">org.hibernate.dialect.MySQL8Dialect</prop>
				<prop key="hibernate.show_sql">true</prop>
				<prop key="hibernate.hbm2ddl.auto">update</prop>
			</props>
		</property>
		<!-- Annotated Classes -->
		<property name="annotatedClasses">
			<list>
				<value>com.entities.ToDo</value>
			</list>
		</property>
	</bean>
	
	<bean class="org.springframework.orm.hibernate5.HibernateTemplate"
		name="hibernateTemplate">
		<property name="sessionFactory" ref="sessionFactory"></property>
	</bean>
    
    
    <bean
		class="org.springframework.orm.hibernate5.HibernateTransactionManager"
		name="transactionManager">
		<property name="sessionFactory" ref="sessionFactory"></property>
	</bean>
    
  
</beans>  